Location,cases,deaths,CFR,report_date,NDVI,NDVI_date,NDWI,NDWI_date,NDBI,NDBI_date,date_version,house,apartments,residential,toilets,waste_disposal,waste_transfer_station,school,university,college,kindergarten,childcare,prep_school,nursing_home,hospital,clinic,health_post,pharmacy,doctors,community_centre,social_centre,social_facility,basin,canal,pond,reservoir,wastewater,lagoon,lake,oxbow,river,stream,loc,TS,T2M,QV2M,RH2M,T2MDEW,T2MWET,GWETTOP,T2M_MAX,T2M_MIN,GWETPROF,GWETROOT,CLOUD_AMT,T2M_RANGE,PRECTOTCORR,ALLSKY_SFC_LW_DWN,Area (km^2),children population,children density,elderly population,elderly density,total population,total density,youth population,youth density,Average RWI,Min RWI,Max RWI
ABRA,1315,5.0,0.0038022813688212,2019-12-29,4038.436187432248,2019-12-29,-3777.66211657506,2019-12-29,-1233.985443812201,2019-12-29,2019-12-29,35916.0,0.0,0.0,0.0,0.0,0.0,322.0,1.0,1.0,0.0,1.0,0.0,0.0,1.0,2.0,0.0,1.0,3.0,1.0,0.0,1.0,0.0,0.0,0.0,0.0,0.0,0.0,0.0,0.0,36.0,0.0,ABRA,24.757717391304347,24.725217391304344,16.816195652173914,83.35923913043479,21.555869565217392,23.140652173913043,0.8730434782608697,28.46152173913044,22.062717391304343,0.8614130434782609,0.8779347826086956,53.64782608695653,6.397717391304348,6.227173913043478,402.27456521739134,3973.665291336557,50718.92528199997,12.763763820918212,49505.714567000025,12.458451061525768,494471.2146890003,124.43705708355802,92135.01777900005,23.18640625819043,-0.350243670886076,-1.06,1.19
AGUSAN DEL NORTE,1185,6.0,0.0050632911392405,2019-12-29,4256.926320873373,2019-12-28,-3891.462113451314,2019-12-28,-1666.4142632507323,2019-12-28,2019-12-29,892.0,6.0,7.0,3.0,0.0,1.0,395.0,4.0,9.0,2.0,2.0,0.0,1.0,16.0,11.0,4.0,36.0,10.0,1.0,0.0,2.0,1.0,0.0,1808.0,0.0,0.0,2.0,6.0,0.0,58.0,0.0,AGUSAN DEL NORTE,25.49,25.361630434782608,17.85086956521739,86.79228260869566,22.73217391304348,24.0475,0.8829347826086957,29.770000000000003,22.499782608695654,0.9014130434782608,0.8754347826086956,71.62652173913044,7.269239130434783,8.0875,405.1928260869565,2995.339785968895,112284.53847200012,37.48641105692779,62419.04626300001,20.838719719008267,931139.7937760004,310.86282702808853,186799.6174830001,62.36341478119702,-0.2226358024691359,-1.488,1.352
AGUSAN DEL SUR,2426,7.0,0.0028854080791426,2019-12-29,4425.7712927843,2019-12-28,-3962.9441651544976,2019-12-28,-1856.6362120741685,2019-12-28,2019-12-29,4204.0,2.0,650.0,2.0,0.0,0.0,567.0,2.0,8.0,4.0,10.0,0.0,0.0,15.0,8.0,1.0,19.0,5.0,11.0,0.0,2.0,0.0,1.0,55.0,8.0,0.0,0.0,96.0,16.0,87.0,0.0,AGUSAN DEL SUR,26.34858695652174,26.566304347826087,18.05565217391304,84.11413043478261,23.19282608695652,24.878586956521737,0.7855434782608696,32.1679347826087,22.85228260869565,0.7978260869565218,0.7509782608695652,71.62652173913044,9.315869565217392,5.479456521739131,405.1928260869565,8597.460084362587,258556.51571899952,30.07359303584005,128490.99195100016,14.94522692634594,2071072.2106009996,240.89349532054828,422212.1868739989,49.10894412198967,-0.4301074270557026,-1.459,1.247
AKLAN,5721,23.0,0.0040202761754937,2019-12-29,3504.2279705639357,2019-12-26,-3156.3538371053965,2019-12-26,-1538.7934197862696,2019-12-26,2019-12-29,16716.0,45.0,15.0,16.0,1.0,0.0,428.0,4.0,19.0,11.0,4.0,2.0,0.0,14.0,18.0,2.0,24.0,6.0,7.0,0.0,4.0,0.0,420.0,5774.0,4.0,0.0,0.0,0.0,0.0,269.0,81.0,AKLAN,26.69663043478261,26.492065217391303,18.95684782608696,86.90391304347825,24.08641304347826,25.28967391304348,0.9445652173913044,28.69695652173913,24.8775,0.9348913043478262,0.9656521739130436,75.24945652173913,3.820108695652174,10.704891304347829,418.2091304347826,1663.2613418445258,101896.17967699998,61.2628798093744,83285.55114500006,50.07364089436357,948318.1362400012,570.1558212062657,189666.76552599977,114.03305106319785,-0.0792429906542056,-0.943,1.22
ALBAY,1587,23.0,0.0144927536231884,2019-12-29,824.9628498399663,2019-12-26,-807.55189274134,2019-12-26,-241.11791503417768,2019-12-26,2019-12-29,10889.0,9.0,1633.0,4.0,1.0,0.0,750.0,9.0,27.0,2.0,4.0,0.0,0.0,28.0,43.0,3.0,49.0,10.0,12.0,0.0,4.0,1.0,0.0,95.0,11.0,0.0,0.0,8.0,0.0,50.0,0.0,ALBAY,27.06695652173913,26.729347826086958,18.77641304347826,85.45086956521739,23.98586956521739,25.35793478260869,0.9236956521739133,29.436956521739127,24.89630434782609,0.9271739130434782,0.9484782608695652,67.41760869565218,4.539347826086956,9.28032608695652,415.5755434782608,2511.9309930296117,229307.977838,91.28753077783968,157760.67746600005,62.80454276163324,1995873.6889620011,794.55753143712,385668.2602630004,153.53457612219287,-0.1155012987012986,-1.288,1.598
ANTIQUE,4838,12.0,0.0024803637866887,2019-12-29,3904.759507650419,2019-12-26,-3536.177488231928,2019-12-26,-1535.8652155781692,2019-12-01,2019-12-29,5632.0,100.0,141.0,4.0,0.0,0.0,569.0,2.0,6.0,1.0,2.0,0.0,0.0,16.0,4.0,0.0,15.0,4.0,7.0,0.0,4.0,0.0,0.0,83.0,3.0,0.0,1.0,5.0,0.0,43.0,2.0,ANTIQUE,28.37336956521739,27.955652173913045,19.20804347826087,81.27728260869566,24.438804347826085,26.196413043478262,0.8466304347826087,29.096304347826088,27.042608695652174,0.8269565217391304,0.8494565217391304,75.24945652173913,2.05445652173913,8.781956521739131,418.2091304347826,2734.397249161706,141536.04056799976,51.76133080567975,122159.03981400012,44.674942476427255,1314908.3069250009,480.8768394307437,256672.6369950004,93.86808631177838,-0.2399791044776119,-1.028,1.302
AURORA,1436,108.0,0.075208913649025,2019-12-29,302.93940547098447,2019-12-29,-284.2210231299823,2019-12-29,-529.8501140497144,2019-12-29,2019-12-29,2763.0,1.0,72.0,7.0,0.0,0.0,175.0,1.0,7.0,0.0,3.0,0.0,0.0,5.0,1.0,0.0,6.0,1.0,9.0,0.0,2.0,0.0,0.0,20.0,3.0,0.0,2.0,9.0,0.0,66.0,1.0,AURORA,26.964891304347827,26.381086956521735,18.117934782608696,83.14141304347827,23.2325,24.807065217391305,0.905,28.29141304347826,25.10967391304348,0.876195652173913,0.9134782608695652,75.17,3.180978260869565,6.490108695652174,395.0303260869565,3040.238252030257,64274.47725500002,21.141263258587653,36055.64165699983,11.859478984228303,551028.8592379977,181.24528854606152,108238.41461499989,35.601951440061896,-0.203825,-1.144,1.034
BASILAN,600,3.0,0.005,2019-12-29,1566.8613773744123,2019-12-26,-1136.629584979058,2019-12-26,-361.71374573986105,2019-12-26,2019-12-29,114.0,0.0,0.0,3.0,0.0,0.0,280.0,1.0,3.0,1.0,1.0,0.0,1.0,6.0,1.0,0.0,3.0,0.0,1.0,0.0,0.0,0.0,0.0,6.0,0.0,0.0,1.0,0.0,0.0,4.0,0.0,BASILAN,29.06913043478261,28.13413043478261,18.57467391304348,77.94978260869566,23.91641304347826,26.02510869565217,0.7180434782608696,28.838478260869564,27.449782608695653,0.7179347826086956,0.7336956521739131,73.31478260869565,1.389891304347826,2.75,423.1247826086957,1368.1859435575736,38953.94331999997,28.47123485182976,14429.993328999986,10.546807177012024,304197.5980890001,222.3364444879633,60842.11018400002,44.46918232897323,-0.3873597883597884,-1.074,1.273
BATAAN,2816,5.0,0.0017755681818181,2019-12-29,2215.69633731531,2019-12-29,-2006.6468685655088,2019-12-29,-1096.3810139101226,2019-12-29,2019-12-29,4878.0,19.0,112.0,24.0,0.0,0.0,256.0,7.0,11.0,2.0,2.0,0.0,1.0,20.0,13.0,4.0,35.0,9.0,10.0,0.0,6.0,0.0,0.0,55.0,10.0,0.0,1.0,2.0,0.0,40.0,0.0,BATAAN,27.87217391304348,27.090434782608696,18.582826086956523,82.65380434782608,23.817282608695653,25.45413043478261,0.8841304347826088,29.35358695652174,25.251956521739128,0.863695652173913,0.893695652173913,66.58565217391305,4.101195652173913,4.432608695652174,418.9944565217391,1318.3063647337342,131883.76967200026,100.0403041357064,79082.52070600002,59.987968518966206,1224938.8563360004,929.1761680779022,236058.8685319999,179.06222320308532,0.2603712574850298,-1.055,1.615
BATANES,18,0.0,0.0,2019-12-29,49.706620122368825,2019-12-29,-28.121941417408472,2019-12-29,-1707.7734262202478,2019-12-29,2019-12-29,76.0,0.0,0.0,1.0,0.0,0.0,26.0,0.0,2.0,0.0,0.0,0.0,0.0,2.0,0.0,0.0,1.0,1.0,1.0,0.0,0.0,0.0,0.0,1.0,0.0,0.0,1.0,1.0,0.0,0.0,0.0,BATANES,26.83771739130435,26.05217391304348,17.16989130434783,81.71076086956522,22.67630434782609,24.36445652173913,0.856195652173913,26.39771739130435,25.675217391304347,0.7999999999999999,0.8395652173913043,73.50760869565217,0.7231521739130435,4.49858695652174,416.3020652173913,207.51036014798453,1803.5451060000007,8.691349697980455,2232.312682,10.757596297399523,18970.904219000004,91.4214798985026,3193.1991400000006,15.38814321233308,-0.1253125,-0.737,0.696
BATANGAS,12742,38.0,0.0029822633809449,2019-12-29,2619.687433348002,2019-12-29,-1977.250520161606,2019-12-29,-686.0662862867589,2019-12-29,2019-12-29,21107.0,143.0,3869.0,58.0,0.0,0.0,1196.0,23.0,41.0,25.0,13.0,3.0,1.0,86.0,95.0,1.0,158.0,63.0,34.0,1.0,11.0,0.0,0.0,117.0,10.0,14.0,3.0,14.0,0.0,34.0,0.0,BATANGAS,26.07108695652174,25.74793478260869,18.39054347826087,88.22369565217392,23.50663043478261,24.62728260869565,0.9106521739130436,29.147065217391308,23.481195652173916,0.9025,0.93,71.11934782608695,5.6664130434782605,7.909021739130435,417.5702173913043,3221.585817864458,569640.1078369993,176.81978380902032,361954.5065300005,112.35289916005866,5270505.920005002,1635.997368370197,997470.4086560009,309.6209336174721,0.3486433962264149,-1.116,1.635
BENGUET,1596,7.0,0.0043859649122807,2019-12-29,2408.528785576493,2019-12-29,-2305.123344840716,2019-12-29,-1048.1631015763396,2019-12-29,2019-12-29,4534.0,111.0,14006.0,85.0,25.0,1.0,548.0,15.0,19.0,9.0,23.0,0.0,0.0,25.0,39.0,17.0,134.0,29.0,49.0,0.0,20.0,2.0,0.0,16.0,9.0,1.0,0.0,6.0,0.0,67.0,5.0,BENGUET,22.88380434782609,22.82597826086956,15.93695652173913,85.5104347826087,20.114239130434783,21.46978260869565,0.8872826086956521,26.99554347826087,19.519565217391303,0.9279347826086956,0.9018478260869564,57.80380434782609,7.475869565217391,4.251086956521739,400.19641304347823,2641.110530555467,104652.91449899996,39.624587190976,65250.63343600001,24.705756416137863,1048615.289405,397.0357458627298,235957.04119400008,89.34008571931089,-0.2177176165803107,-1.062,1.736
BILIRAN,823,1.0,0.0012150668286755,2019-12-29,3232.1928065738257,2019-12-28,-3053.051134611965,2019-12-28,-1327.704627310457,2019-12-28,2019-12-29,15169.0,0.0,235.0,2.0,0.0,0.0,150.0,2.0,0.0,0.0,1.0,0.0,0.0,1.0,3.0,4.0,6.0,1.0,2.0,0.0,3.0,0.0,0.0,1.0,0.0,0.0,0.0,0.0,0.0,6.0,0.0,BILIRAN,28.405652173913044,27.722826086956523,19.01141304347826,81.59565217391305,24.241195652173914,25.982065217391305,0.8940217391304348,29.304891304347827,26.425434782608693,0.8810869565217392,0.9232608695652174,76.03978260869565,2.879891304347826,7.205108695652174,421.1247826086957,534.3287527429836,26232.97846900001,49.09520278355352,20670.871198,38.68568010215773,225819.77951600007,422.62329765477017,41961.946068,78.53207571665908,-0.1471492537313432,-0.902,1.167
BOHOL,6891,42.0,0.0060949063996517,2019-12-29,2167.5791005807487,2019-12-28,-1857.2027233718748,2019-12-28,-1308.7716233369754,2019-12-28,2019-12-29,4897.0,14.0,3633.0,17.0,1.0,0.0,1180.0,17.0,18.0,11.0,21.0,0.0,0.0,25.0,57.0,4.0,43.0,9.0,39.0,1.0,42.0,0.0,0.0,110.0,84.0,0.0,2.0,10.0,0.0,37.0,0.0,BOHOL,27.750326086956523,27.356086956521743,19.10184782608696,83.73163043478262,24.320108695652173,25.838043478260868,0.917608695652174,29.23141304347826,25.83869565217391,0.9164130434782608,0.9415217391304348,75.10184782608695,3.393478260869565,6.090108695652174,422.7904347826087,3976.874397389103,218925.37960400005,55.04960874493017,175723.09572100017,44.18623224217639,1998003.9682929995,502.40560013781896,376930.394694,94.7805630827723,-0.1458162650602409,-1.401,1.523
BUKIDNON,9446,17.0,0.0017997035782341,2019-12-29,1257.7431117171989,2019-12-28,-1109.0240214683,2019-12-28,-1394.9398626805028,2019-12-28,2019-12-29,1520.0,5.0,720.0,18.0,0.0,0.0,787.0,5.0,17.0,6.0,6.0,0.0,0.0,31.0,34.0,9.0,32.0,5.0,13.0,0.0,1.0,0.0,0.0,41.0,9.0,3.0,1.0,17.0,0.0,64.0,0.0,BUKIDNON,22.110869565217392,21.998695652173915,15.879456521739131,87.97467391304347,19.7475,20.873260869565215,0.8944565217391305,26.11663043478261,18.885217391304348,0.9207608695652176,0.8898913043478262,83.22891304347827,7.230652173913044,5.187391304347826,412.6327173913043,9104.56692880438,363625.1934330007,39.93876878235572,159084.1970819998,17.47301088849164,2974941.435077996,326.7526570282095,618925.8843889997,67.97971712755344,-0.2539263336155806,-1.21,1.325
BULACAN,9088,17.0,0.0018705985915492,2019-12-29,2207.8273878647783,2019-12-29,-2043.773757264,2019-12-29,-1756.8669417293254,2019-12-29,2019-12-29,34567.0,313.0,298.0,42.0,0.0,0.0,811.0,13.0,63.0,11.0,22.0,4.0,2.0,99.0,73.0,13.0,277.0,43.0,46.0,1.0,39.0,1.0,0.0,1182.0,9.0,0.0,0.0,6.0,0.0,111.0,0.0,BULACAN,25.256521739130434,25.07532608695652,17.882934782608697,88.30847826086956,22.858478260869564,23.96728260869565,0.8970652173913044,28.6275,22.795217391304345,0.8686956521739131,0.9055434782608696,73.25380434782609,5.833260869565217,6.847608695652174,408.2167391304348,2557.606347245576,928892.1096530004,363.1880686616899,506406.0742470002,198.0000068393544,8636664.572144996,3376.8545270644504,1658793.5290100004,648.5726510635401,0.3507663551401868,-1.047,1.834
CAGAYAN,5475,30.0,0.0054794520547945,2019-12-29,1838.7962840787864,2021-01-02,-1816.1907678598343,2021-01-02,-1833.3983866471176,2021-01-02,2019-12-29,5161.0,90.0,153.0,3.0,0.0,0.0,846.0,11.0,20.0,13.0,5.0,0.0,0.0,27.0,24.0,4.0,17.0,10.0,12.0,0.0,2.0,10.0,0.0,348.0,46.0,3.0,1.0,23.0,5.0,221.0,0.0,CAGAYAN,25.24184782608696,25.025652173913045,17.502065217391305,87.72782608695653,22.723369565217396,23.87467391304348,0.928804347826087,28.340000000000003,23.02641304347826,0.917282608695652,0.9516304347826088,73.96097826086957,5.312608695652174,11.749347826086955,414.26336956521743,8814.388143897302,163846.44271699985,18.5885214086516,120675.16768199993,13.690702713783956,1550045.0369650032,175.8539573774258,304399.9288609993,34.53443663832214,-0.2517296996662957,-1.236,1.287
CAMARINES NORTE,1036,8.0,0.0077220077220077,2019-12-29,1560.1561313369848,2019-12-29,-1420.203689941789,2019-12-29,-717.302467465474,2019-12-29,2019-12-29,1712.0,5.0,231.0,3.0,0.0,0.0,317.0,1.0,7.0,0.0,2.0,0.0,0.0,11.0,12.0,1.0,27.0,2.0,4.0,0.0,2.0,0.0,0.0,576.0,0.0,0.0,0.0,6.0,0.0,74.0,0.0,CAMARINES NORTE,26.983478260869564,26.71934782608696,18.61663043478261,84.42358695652175,23.834021739130435,25.27717391304348,0.9490217391304347,28.691521739130437,25.146521739130435,0.9483695652173914,0.977173913043478,80.36423913043478,3.545543478260869,10.526847826086955,424.0798913043478,2108.2683540817934,109391.62108100014,51.88695303859602,59871.42421799997,28.39838870705601,881270.5731769998,418.00683080537743,167737.92308499987,79.56194132509007,-0.2768908450704223,-1.158,1.334
CAMARINES SUR,3696,36.0,0.0097402597402597,2019-12-29,20.70378385661218,2019-12-29,-15.389280336776691,2019-12-29,-1.447055345520823,2019-12-29,2019-12-29,3583.0,4.0,341.0,11.0,0.0,0.0,1181.0,21.0,28.0,5.0,9.0,0.0,0.0,26.0,31.0,4.0,69.0,7.0,34.0,2.0,13.0,0.0,0.0,153.0,3.0,0.0,1.0,15.0,0.0,142.0,1.0,CAMARINES SUR,27.34641304347826,27.08347826086956,18.702391304347824,83.45489130434783,23.980978260869566,25.532065217391303,0.9296739130434782,29.36565217391304,25.323478260869567,0.9156521739130434,0.9536956521739128,67.41760869565218,4.041847826086957,9.348260869565218,415.5755434782608,5295.298480128113,393933.8274090002,74.39312984666154,232366.27382800012,43.88161964807286,3224668.3208499933,608.9681880920103,619552.539556,117.00049428394276,-0.2536966887417221,-1.16,1.645
CAMIGUIN,811,2.0,0.002466091245376,2019-12-29,4317.743387842042,2019-12-28,-3718.045666842555,2019-12-28,-1806.384417214848,2019-12-28,2019-12-29,5792.0,0.0,2.0,2.0,0.0,0.0,54.0,0.0,3.0,0.0,0.0,0.0,0.0,1.0,0.0,0.0,2.0,0.0,1.0,0.0,0.0,4.0,0.0,1.0,0.0,0.0,1.0,0.0,0.0,4.0,0.0,CAMIGUIN,27.63978260869565,26.782608695652176,18.514891304347827,82.61163043478261,23.52608695652174,25.153260869565216,0.8132608695652175,28.57630434782609,25.42815217391304,0.795,0.7920652173913044,75.10184782608695,3.1473913043478263,5.177826086956522,422.7904347826087,244.08023223793813,10069.365526999998,41.25432622984405,9232.24789,37.82464399247242,92362.304324,378.4096052234248,17004.924316999997,69.66940403605889,-0.1031944444444444,-1.028,1.191
CAPIZ,6695,28.0,0.0041822255414488,2019-12-29,4045.6632203233735,2019-12-26,-3562.8027279771745,2019-12-26,-1528.9928346627073,2019-12-26,2019-12-29,3334.0,2.0,473.0,1.0,1.0,0.0,539.0,11.0,14.0,36.0,5.0,1.0,0.0,25.0,37.0,2.0,15.0,4.0,13.0,0.0,2.0,34.0,0.0,2326.0,30.0,0.0,0.0,63.0,0.0,102.0,0.0,CAPIZ,26.69663043478261,26.492065217391303,18.95684782608696,86.90391304347825,24.08641304347826,25.28967391304348,0.9445652173913044,28.69695652173913,24.8775,0.9348913043478262,0.9656521739130436,75.24945652173913,3.820108695652174,10.704891304347829,418.2091304347826,2649.037656190395,135950.0989,51.32056110350318,118982.56562599992,44.91539233047741,1340210.233288,505.9234360659744,267060.0410710001,100.81398444711486,-0.1937299270072991,-1.079,1.358
CATANDUANES,1048,1.0,0.0009541984732824,2019-12-29,1769.212589415134,2019-12-26,-1629.7103118408666,2019-12-26,-1361.7812846639524,2019-12-26,2019-12-29,805.0,1.0,48.0,3.0,6.0,0.0,262.0,2.0,7.0,0.0,3.0,0.0,0.0,11.0,4.0,1.0,8.0,1.0,7.0,1.0,0.0,0.0,0.0,36.0,6.0,0.0,0.0,13.0,0.0,51.0,0.0,CATANDUANES,28.549565217391304,27.90663043478261,19.291630434782608,82.0011956521739,24.547826086956523,26.227608695652176,0.952608695652174,28.500434782608696,27.316195652173917,0.950108695652174,0.9751086956521738,68.12836956521738,1.1848913043478262,12.971739130434784,419.35934782608695,1472.455740765324,34030.206474000035,23.11119141435958,25803.675081000023,17.524244951218908,289174.41942199983,196.38920981876063,55449.213927000026,37.65764388828402,-0.1758359375,-1.757,1.019
CAVITE,21354,70.0,0.0032780743654584,2019-12-29,2720.6195078260203,2019-12-29,-2781.9046977322937,2019-12-29,-977.1616361830944,2019-12-29,2019-12-29,486465.0,469.0,27864.0,152.0,9.0,4.0,797.0,28.0,61.0,20.0,7.0,2.0,2.0,91.0,117.0,6.0,273.0,33.0,155.0,6.0,16.0,4.0,0.0,593.0,14.0,14.0,14.0,12.0,0.0,75.0,7.0,CAVITE,27.87217391304348,27.090434782608696,18.582826086956523,82.65380434782608,23.817282608695653,25.45413043478261,0.8841304347826088,29.35358695652174,25.251956521739128,0.863695652173913,0.893695652173913,66.58565217391305,4.101195652173913,4.432608695652174,418.9944565217391,1244.4406436706145,698574.174458,561.3559618219143,387838.1518110002,311.6566095647832,6736107.323192999,5412.959916934335,1286623.447382,1033.8969993674932,0.695492822966507,-0.944,1.559
CEBU,10430,56.0,0.0053691275167785,2019-12-29,885.1521801794378,2019-12-26,-865.4454925894645,2019-12-26,-1252.4127581251548,2019-12-26,2019-12-29,8264.0,133.0,626.0,86.0,3.0,2.0,1827.0,65.0,59.0,16.0,50.0,2.0,2.0,62.0,93.0,8.0,291.0,39.0,107.0,0.0,26.0,5.0,2.0,166.0,18.0,1.0,9.0,8.0,0.0,40.0,0.0,CEBU,27.63586956521739,27.16576086956522,19.18695652173913,84.60782608695652,24.32913043478261,25.74836956521739,0.9192391304347826,28.78032608695652,25.843695652173917,0.9217391304347826,0.9552173913043478,74.4720652173913,2.9364130434782605,7.464782608695652,408.3734782608696,4878.700318699652,890298.1615220009,182.48674920850584,592600.6078350008,121.46690083906408,7931806.567345002,1625.803195359848,1565529.8795120018,320.8907654178832,-0.0411850060459492,-1.389,1.824
DAVAO DEL NORTE,1487,8.0,0.0053799596503026,2019-12-29,1550.0564103643355,2019-12-28,-1350.431625418189,2019-12-28,-1273.899777715971,2019-12-28,2019-12-29,3010.0,207.0,200.0,7.0,0.0,0.0,455.0,2.0,23.0,19.0,9.0,0.0,0.0,31.0,19.0,6.0,25.0,3.0,9.0,0.0,6.0,1.0,0.0,193.0,17.0,0.0,0.0,21.0,5.0,73.0,0.0,DAVAO DEL NORTE,26.49815217391304,26.600978260869564,18.030217391304348,83.13391304347826,23.080434782608695,24.841521739130435,0.8825,31.71336956521739,22.982717391304345,0.9180434782608696,0.8768478260869565,75.49978260869565,8.730108695652174,6.98,402.8289130434783,3492.9556613086347,401062.2849430004,114.82031947486632,212570.19575500028,60.85682624306801,3515689.760288,1006.508556415757,721494.8167009996,206.557107120762,-0.1567280334728033,-1.066,1.579
DAVAO DEL SUR,949,7.0,0.0073761854583772,2019-12-29,4218.342889979545,2019-12-28,-3701.4412980146008,2019-12-28,-2025.182022182462,2019-12-28,2019-12-29,12046.0,150.0,350.0,65.0,2.0,0.0,1021.0,18.0,86.0,93.0,18.0,1.0,2.0,60.0,99.0,19.0,160.0,58.0,39.0,0.0,33.0,1.0,12.0,147.0,15.0,1.0,0.0,26.0,5.0,71.0,0.0,DAVAO DEL SUR,28.4475,27.820652173913043,18.230760869565216,77.49467391304348,23.437826086956523,25.629565217391303,0.857608695652174,29.775,26.30826086956522,0.8257608695652173,0.866304347826087,68.6086956521739,3.467608695652174,5.939782608695652,409.6436956521739,6055.200644714614,525404.5942889994,86.76914690640481,260848.7349239997,43.07846266856343,4487407.8553530015,741.0832635694595,915401.9272719994,151.17615104480868,-0.1742135922330097,-1.083,1.912
DAVAO ORIENTAL,381,1.0,0.0026246719160104,2019-12-29,3125.0596865253506,2019-12-25,-2834.6474299835986,2019-12-25,-1934.6771973142927,2019-12-25,2019-12-29,27.0,0.0,2.0,6.0,0.0,0.0,398.0,1.0,8.0,7.0,1.0,0.0,0.0,7.0,2.0,9.0,8.0,4.0,7.0,0.0,1.0,0.0,0.0,9.0,2.0,0.0,0.0,11.0,1.0,40.0,0.0,DAVAO ORIENTAL,27.80195652173913,26.901847826086957,18.245978260869567,80.97195652173913,23.31086956521739,25.10641304347826,0.8666304347826087,28.772934782608697,25.396413043478265,0.8673913043478261,0.8768478260869565,75.35239130434783,3.376304347826087,9.929782608695652,399.5677173913044,5137.409638556632,150840.63091700035,29.36122317070659,82357.24132399993,16.030888544667114,1272694.1406340003,247.73071064497924,255628.972797,49.75833947102175,-0.3662775590551179,-1.316,1.173
DINAGAT ISLANDS,749,2.0,0.0026702269692923,2019-12-29,1883.9249452533704,2019-12-28,-1060.0880115220457,2019-12-28,-299.0300272954991,2019-12-28,2019-12-29,257.0,0.0,70.0,0.0,0.0,0.0,140.0,0.0,0.0,0.0,0.0,0.0,0.0,3.0,1.0,0.0,1.0,5.0,2.0,1.0,0.0,1.0,0.0,9.0,1.0,0.0,0.0,10.0,0.0,4.0,0.0,DINAGAT ISLANDS,28.124782608695654,27.58891304347826,19.21467391304348,83.37326086956521,24.44630434782609,26.016413043478263,0.8432608695652174,29.398478260869563,26.42184782608696,0.8306521739130435,0.8214130434782608,75.07836956521739,2.9765217391304346,8.611304347826087,419.9419565217392,809.5996663299944,16259.578130999997,20.08347928885208,14890.133068000005,18.39197036172043,158693.51107100002,196.01479307714564,31707.059979999984,39.16387481201866,-0.2633837209302326,-1.059,0.956
EASTERN SAMAR,3811,13.0,0.0034111781684597,2019-12-29,1521.2090290837616,2019-12-28,-966.1617176983428,2019-12-28,-597.8181665157729,2019-12-28,2019-12-29,6857.0,4.0,546.0,2.0,0.0,0.0,545.0,5.0,6.0,3.0,48.0,0.0,0.0,20.0,14.0,3.0,26.0,6.0,28.0,0.0,3.0,0.0,0.0,10.0,0.0,0.0,0.0,7.0,1.0,76.0,1.0,EASTERN SAMAR,28.770108695652173,28.120978260869567,19.41945652173913,81.62271739130435,24.67510869565217,26.397391304347824,0.9045652173913044,28.90380434782609,27.39282608695652,0.8979347826086956,0.9344565217391304,70.65304347826087,1.5113043478260868,8.426304347826088,418.4122826086957,4282.521454833805,66233.76393799999,15.466067044040148,51550.02827600001,12.037307651503768,569219.478380999,132.91690056532104,108300.26459600015,25.288901815952038,-0.28915243902439,-1.142,1.347
GUIMARAS,2393,5.0,0.0020894274968658,2019-12-29,2084.851444184861,2019-12-26,-1681.4349339836924,2019-12-26,-1166.7320900923642,2019-12-26,2019-12-29,273.0,0.0,7.0,2.0,0.0,0.0,122.0,1.0,3.0,0.0,3.0,0.0,0.0,3.0,0.0,0.0,1.0,2.0,0.0,0.0,2.0,0.0,0.0,187.0,0.0,0.0,1.0,8.0,0.0,7.0,0.0,GUIMARAS,27.9975,27.58836956521739,19.37902173913044,83.82913043478261,24.587065217391302,26.08684782608696,0.9053260869565218,29.023369565217397,26.44326086956522,0.8939130434782608,0.9260869565217392,73.01304347826087,2.581195652173913,7.90858695652174,421.1402173913044,604.5312542181166,66079.89232600002,109.30765260675538,59321.08185999998,98.12740275393068,688145.7960430003,1138.313017303015,136863.069134,226.39535702916595,-0.0989615384615384,-0.779,1.151
IFUGAO,1123,2.0,0.0017809439002671,2019-12-29,788.2202031440563,2019-12-29,-756.9394375934564,2019-12-29,-1639.8915231360802,2019-12-29,2019-12-29,1672.0,3.0,2.0,5.0,0.0,0.0,268.0,4.0,0.0,2.0,3.0,0.0,0.0,11.0,6.0,1.0,1.0,1.0,7.0,0.0,6.0,0.0,0.0,113.0,3.0,0.0,0.0,1.0,0.0,23.0,0.0,IFUGAO,22.07445652173913,21.954239130434782,16.024239130434783,90.89869565217391,20.24793478260869,21.101521739130437,0.9229347826086955,26.02065217391305,19.159782608695654,0.9192391304347826,0.9464130434782608,75.17,6.861304347826087,8.705,395.0303260869565,2503.588577509258,74016.84125599996,29.564298991025517,43805.332021,17.497017047657472,657020.8574170005,262.4316404537402,133718.58844599992,53.4107679062158,-0.4075029069767441,-1.319,0.893
ILOCOS NORTE,3438,14.0,0.0040721349621873,2019-12-29,1312.8414489729394,2019-12-29,-1270.1725412850385,2019-12-29,-411.2611881501783,2019-12-29,2019-12-29,3979.0,6.0,30.0,23.0,0.0,0.0,484.0,4.0,7.0,9.0,7.0,1.0,0.0,23.0,16.0,1.0,42.0,10.0,15.0,1.0,6.0,7.0,0.0,8.0,0.0,0.0,0.0,3.0,0.0,79.0,1.0,ILOCOS NORTE,25.448913043478264,25.158152173913045,17.211739130434783,84.19836956521739,22.20978260869565,23.68467391304348,0.8642391304347826,28.237065217391304,23.10967391304348,0.8429347826086956,0.8785869565217391,64.32576086956522,5.126847826086957,7.640326086956521,412.6290217391305,3379.848143292253,73903.42811399997,21.86590195203619,78500.12153300009,23.2259315226318,760097.4128260011,224.8909952757827,137021.44848900003,40.54071149940179,-0.0187743902439024,-0.94,1.554
ILOCOS SUR,4306,6.0,0.0013934045517882,2019-12-29,5635.795612900704,2019-12-29,-5254.528839672765,2019-12-29,-1195.763203016926,2019-12-29,2019-12-29,94235.0,23.0,97.0,14.0,0.0,0.0,585.0,1.0,11.0,5.0,0.0,1.0,0.0,21.0,8.0,3.0,36.0,5.0,22.0,0.0,6.0,0.0,0.0,105.0,0.0,0.0,0.0,6.0,0.0,130.0,0.0,ILOCOS SUR,24.23304347826087,24.088152173913045,16.18934782608696,81.25891304347826,20.53641304347826,22.312608695652177,0.8799999999999999,27.42836956521739,21.50804347826087,0.9092391304347828,0.8944565217391305,53.64782608695653,5.921521739130434,4.9103260869565215,402.27456521739134,2506.210918226802,135320.01454700014,53.99386522613267,130154.583496,51.932813215931226,1356232.4955860002,541.1485863869606,257260.66950900003,102.64924936605794,-0.101975,-0.982,1.124
ILOILO,23062,80.0,0.0034689098950654,2019-12-29,3793.278147680188,2019-12-26,-3365.6310359569093,2019-12-26,-1526.445353793307,2019-12-26,2019-12-29,10572.0,1225.0,3702.0,80.0,2.0,0.0,1430.0,20.0,50.0,46.0,26.0,1.0,2.0,38.0,84.0,11.0,200.0,29.0,112.0,0.0,12.0,0.0,0.0,2150.0,37.0,1.0,9.0,17.0,0.0,108.0,0.0,ILOILO,25.72,25.677065217391306,18.71728260869565,89.24923913043479,23.718152173913044,24.69760869565217,0.9445652173913044,28.302065217391306,23.722065217391304,0.9370652173913044,0.9683695652173914,73.01304347826087,4.580652173913044,10.137282608695651,421.1402173913044,4710.55648333645,580374.2182680002,123.20714555086404,502794.9039940008,106.73789939100256,5677868.67496799,1205.3498764006756,1116788.845164999,237.0821471126881,-0.1042213642213641,-1.072,1.473
ISABELA,5668,31.0,0.0054693013408609,2019-12-29,2000.0649728093103,2019-12-29,-2001.25525154766,2019-12-29,-1112.5601227836148,2019-12-29,2019-12-29,2210.0,7.0,104.0,7.0,0.0,0.0,1142.0,14.0,39.0,2.0,1.0,0.0,0.0,37.0,5.0,0.0,20.0,8.0,21.0,0.0,3.0,4.0,0.0,162.0,33.0,1.0,1.0,21.0,0.0,59.0,0.0,ISABELA,24.894782608695653,24.998043478260872,17.616739130434784,88.3820652173913,22.8454347826087,23.922065217391303,0.920108695652174,28.78478260869565,22.22869565217391,0.8964130434782609,0.9375,78.59815217391304,6.556413043478261,10.32641304347826,413.1644565217391,10277.271204507935,253179.502347,24.63489551934248,152059.54034899987,14.795711558365976,2288126.485500998,222.63949641587288,454084.064222,44.18332991181787,-0.2036113243761996,-1.136,1.407
KALINGA,1516,4.0,0.0026385224274406,2019-12-29,2540.1673469544726,2019-12-29,-2480.0332385388097,2019-12-29,-829.9252241018554,2019-12-29,2019-12-29,60.0,0.0,0.0,0.0,0.0,0.0,298.0,1.0,5.0,1.0,0.0,0.0,0.0,6.0,1.0,0.0,2.0,2.0,2.0,0.0,0.0,0.0,0.0,5.0,0.0,0.0,0.0,1.0,0.0,31.0,0.0,KALINGA,22.26858695652174,22.25891304347826,16.216195652173916,91.28152173913044,20.649565217391302,21.45402173913044,0.9181521739130436,26.229347826086958,19.630978260869565,0.9108695652173912,0.9428260869565216,71.40173913043478,6.598804347826087,9.613043478260868,395.2582608695652,2897.824845617579,51137.07397099996,17.64670975484777,28626.758196000017,9.8787054846647,444085.0088829998,153.24770562119923,93010.96525199983,32.09682096302737,-0.4090252365930598,-0.998,0.765
LA UNION,1980,8.0,0.004040404040404,2019-12-29,2411.477893451237,2019-12-29,-2283.489392467089,2019-12-29,-823.3489148357834,2019-12-29,2019-12-29,34089.0,14.0,1425.0,19.0,1.0,1.0,476.0,6.0,15.0,4.0,12.0,0.0,0.0,19.0,18.0,7.0,51.0,11.0,24.0,0.0,4.0,1.0,0.0,32.0,2.0,0.0,1.0,1.0,0.0,51.0,1.0,LA UNION,22.88380434782609,22.82597826086956,15.93695652173913,85.5104347826087,20.114239130434783,21.46978260869565,0.8872826086956521,26.99554347826087,19.519565217391303,0.9279347826086956,0.9018478260869564,57.80380434782609,7.475869565217391,4.251086956521739,400.19641304347823,1464.1589124179498,98425.74847900002,67.22340563187721,83757.75197900007,57.20536976459772,992339.288271,677.7538147360149,191367.76650300005,130.7015002811207,0.0202519083969465,-0.925,1.503
LAGUNA,21627,46.0,0.0021269709159846,2019-12-29,2479.1296591395094,2019-12-29,-2330.445548939057,2019-12-29,-1098.9543517870534,2019-12-29,2019-12-29,24933.0,142.0,2519.0,100.0,0.0,0.0,852.0,23.0,91.0,27.0,12.0,3.0,0.0,68.0,91.0,8.0,214.0,55.0,57.0,1.0,29.0,1.0,0.0,78.0,13.0,0.0,1.0,23.0,0.0,43.0,0.0,LAGUNA,26.07108695652174,25.74793478260869,18.39054347826087,88.22369565217392,23.50663043478261,24.62728260869565,0.9106521739130436,29.147065217391308,23.481195652173916,0.9025,0.93,75.70913043478261,5.6664130434782605,7.909021739130435,413.2497826086957,2696.706541709535,933944.4932759987,346.32781833352146,501740.4951939996,186.0567649589076,8856215.994566986,3284.085923918413,1702758.4824870012,631.4214973526797,0.4586850152905199,-0.806,2.287
LANAO DEL NORTE,3927,21.0,0.0053475935828877,2019-12-29,4081.686078309775,2019-12-28,-3723.7607678975473,2019-12-28,-1418.683533397352,2019-12-28,2019-12-29,24.0,4.0,4940.0,3.0,0.0,0.0,480.0,1.0,15.0,40.0,7.0,0.0,0.0,19.0,25.0,5.0,35.0,15.0,29.0,0.0,1.0,0.0,0.0,37.0,2.0,0.0,0.0,16.0,0.0,49.0,0.0,LANAO DEL NORTE,26.08826086956521,25.69163043478261,18.289782608695653,86.45304347826087,23.15391304347826,24.423804347826085,0.9084782608695652,28.611304347826085,23.63967391304348,0.8993478260869565,0.9233695652173912,74.9941304347826,4.971956521739131,6.363804347826087,420.33043478260873,2839.6294438142977,269816.5193929999,95.0182144296166,108123.04427900008,38.0764625872329,2122963.1704650004,747.6197907052816,428207.6053950009,150.7970014636192,-0.2548844221105527,-1.089,1.582
LANAO DEL SUR,2659,6.0,0.0022564874012786,2019-12-29,1053.2515932038614,2019-12-28,-996.8418531731736,2019-12-28,-1169.425635633621,2019-12-28,2019-12-29,78.0,0.0,1.0,1.0,0.0,0.0,167.0,1.0,17.0,0.0,0.0,0.0,0.0,6.0,6.0,2.0,12.0,3.0,16.0,0.0,1.0,0.0,1.0,9.0,1.0,0.0,0.0,20.0,1.0,11.0,0.0,LANAO DEL SUR,23.48652173913044,23.02184782608696,16.555869565217392,87.47532608695651,20.68282608695652,21.8525,0.8844565217391305,26.59902173913044,20.30141304347826,0.8931521739130435,0.8843478260869565,73.48163043478262,6.297717391304348,4.994021739130434,399.3925,3876.686738143329,231448.73240199947,59.702717303603386,71509.90670299983,18.446140101907808,1714890.5708349997,442.359851767728,345967.4600930013,89.2430788097922,-0.3374147727272727,-1.149,1.5
LEYTE,7126,20.0,0.0028066236317709,2019-12-29,3291.4200644118528,2019-12-28,-3147.0591920231154,2019-12-28,-1755.94369460211,2019-12-28,2019-12-29,82071.0,56.0,1087.0,45.0,3.0,3.0,1495.0,16.0,44.0,18.0,70.0,3.0,1.0,51.0,101.0,12.0,142.0,32.0,212.0,1.0,7.0,6.0,0.0,274.0,38.0,0.0,5.0,54.0,1.0,171.0,1.0,LEYTE,27.639021739130435,27.047934782608696,18.878152173913044,83.96239130434783,24.025978260869564,25.536847826086955,0.8799999999999999,29.25445652173913,25.491521739130437,0.884891304347826,0.9028260869565218,74.7554347826087,3.763913043478261,7.95945652173913,419.3188043478261,5562.127051290651,295357.7056669999,53.10157480104024,207799.18969000003,37.35966254884123,2527471.852245001,454.4074288375919,483395.2649120005,86.90834647508314,-0.1877573062261752,-1.078,1.59
MARINDUQUE,1072,1.0,0.0009328358208955,2019-12-29,3987.9823288351777,2019-12-29,-3687.808851774576,2019-12-29,-1467.5131749411037,2019-12-29,2019-12-29,520.0,0.0,25.0,1.0,1.0,1.0,228.0,0.0,3.0,2.0,0.0,0.0,0.0,4.0,3.0,0.0,6.0,1.0,4.0,0.0,0.0,0.0,0.0,11.0,1.0,3.0,0.0,3.0,0.0,5.0,0.0,MARINDUQUE,27.91,27.353804347826088,19.06652173913044,83.67858695652174,24.30717391304348,25.830652173913045,0.9032608695652172,28.88510869565217,26.19467391304348,0.8928260869565218,0.9303260869565216,71.11934782608695,2.689891304347826,7.764891304347826,417.5702173913043,928.835480026724,24551.206348,26.43224432737391,21128.83733899999,22.74766392256257,222672.854896,239.7333647177145,39355.526317,42.37082579561634,-0.2832499999999998,-1.238,1.154
MASBATE,747,6.0,0.0080321285140562,2019-12-29,1236.567768164184,2019-12-26,-1001.594288012202,2019-12-26,-544.5863482631637,2019-12-26,2019-12-29,1563.0,0.0,1047.0,0.0,0.0,0.0,723.0,1.0,4.0,0.0,2.0,0.0,0.0,7.0,3.0,0.0,3.0,9.0,11.0,0.0,5.0,1.0,0.0,474.0,1.0,0.0,1.0,15.0,0.0,41.0,0.0,MASBATE,28.251739130434785,27.7375,19.40369565217392,83.53815217391305,24.64902173913044,26.193586956521735,0.8866304347826087,29.249891304347823,26.557826086956524,0.8946739130434783,0.912282608695652,74.71978260869565,2.691413043478261,8.0075,423.0939130434783,4002.3153121527375,301217.968707,75.26092904084135,167835.1039830004,41.93450312957136,2366555.9948619925,591.29673958374,443645.7914480014,110.84728634470736,-0.4093308157099702,-1.086,1.026
METRO MANILA,40478,190.0,0.0046939078017688,2019-12-29,1073.926513998571,2019-12-29,-1199.0464812255325,2019-12-29,-60.14606742526654,2019-12-29,2019-12-29,104440.0,2750.0,3833.0,368.0,15.0,7.0,1740.0,102.0,311.0,105.0,76.0,7.0,2.0,245.0,479.0,105.0,1264.0,252.0,327.0,8.0,171.0,2.0,2.0,152.0,12.0,12.0,0.0,2.0,0.0,86.0,0.0,METRO MANILA,25.905434782608697,25.55130434782609,18.11271739130435,87.48195652173914,23.17663043478261,24.36391304347826,0.9063043478260868,28.94043478260869,23.34097826086957,0.8817391304347827,0.9158695652173914,66.58565217391305,5.600434782608696,7.480978260869565,418.9944565217391,557.7243272932113,1612978.8781380004,2892.071941645845,917242.4606819998,1644.616194408496,16064948.044991996,28804.459943426857,3173775.4511360014,5690.58098386922,1.2725643564356437,0.458,2.233
MISAMIS OCCIDENTAL,3030,10.0,0.0033003300330033,2019-12-29,2140.474614461478,2019-12-28,-2114.250698486381,2019-12-28,-1475.3729080772798,2019-12-28,2019-12-29,891.0,0.0,39.0,1.0,1.0,0.0,523.0,6.0,8.0,3.0,1.0,0.0,0.0,15.0,6.0,1.0,16.0,7.0,8.0,0.0,1.0,0.0,2.0,427.0,1.0,0.0,0.0,1.0,0.0,61.0,0.0,MISAMIS OCCIDENTAL,27.773043478260867,27.24554347826087,18.92804347826087,83.11163043478261,24.06163043478261,25.653369565217396,0.8718478260869564,29.180108695652176,25.95163043478261,0.8435869565217391,0.8769565217391303,80.77554347826087,3.2271739130434782,4.997826086956522,416.8959782608696,1893.8643021196349,80678.10159900003,42.59972665871793,67800.62337200005,35.80014856192009,764896.079649,403.881143328442,146778.02608699998,77.50187060536719,-0.2709760956175298,-1.311,1.24
MISAMIS ORIENTAL,5057,20.0,0.0039549139806209,2019-12-29,1637.0336643145883,2019-12-28,-1496.139436305302,2019-12-28,-854.5807044794403,2019-12-28,2019-12-29,56288.0,18.0,139.0,22.0,0.0,1.0,682.0,12.0,23.0,12.0,6.0,0.0,0.0,30.0,34.0,12.0,93.0,9.0,16.0,3.0,9.0,0.0,0.0,61.0,6.0,0.0,0.0,14.0,1.0,50.0,0.0,MISAMIS ORIENTAL,24.309021739130436,24.04391304347826,16.80413043478261,85.12010869565218,21.1825,22.613478260869567,0.8315217391304348,27.988260869565217,21.343478260869563,0.8243478260869566,0.8025,83.22891304347827,6.6450000000000005,4.837173913043478,412.6327173913043,3330.075186466433,271623.4022570004,81.5667476100508,147730.43985599984,44.36249381286724,2365215.0401609982,710.2587502448391,481681.47566900006,144.64582590404385,-0.1551886363636364,-1.064,1.635
MOUNTAIN PROVINCE,951,2.0,0.0021030494216614,2019-12-29,2030.33726023339,2019-12-29,-2033.6314722794395,2019-12-29,-1746.1299792257023,2019-12-29,2019-12-29,2580.0,0.0,92.0,7.0,0.0,0.0,276.0,1.0,2.0,3.0,9.0,0.0,0.0,10.0,4.0,1.0,11.0,5.0,2.0,0.0,1.0,0.0,0.0,12.0,3.0,0.0,0.0,6.0,0.0,64.0,0.0,MOUNTAIN PROVINCE,22.07445652173913,21.954239130434782,16.024239130434783,90.89869565217391,20.24793478260869,21.101521739130437,0.9229347826086955,26.02065217391305,19.159782608695654,0.9192391304347826,0.9464130434782608,53.64782608695653,6.861304347826087,8.705,402.27456521739134,2129.0480625213227,42501.04150400003,19.962462215938995,27635.978366999992,12.980438935827554,376614.6382559997,176.8934411983139,81051.98197099999,38.06958771753338,-0.3762565217391304,-1.049,0.869
NEGROS OCCIDENTAL,11588,61.0,0.0052640662754573,2019-12-29,3121.1667380346867,2019-12-26,-2842.6736043882324,2019-12-26,-907.8575344291904,2019-12-26,2019-12-29,6573.0,213.0,745.0,26.0,2.0,0.0,1299.0,32.0,49.0,23.0,6.0,0.0,0.0,41.0,29.0,1.0,78.0,7.0,67.0,1.0,10.0,13.0,1.0,53.0,6.0,0.0,12.0,22.0,1.0,166.0,0.0,NEGROS OCCIDENTAL,24.94478260869565,24.933586956521737,18.36195652173913,90.50141304347824,23.229239130434784,24.082065217391307,0.9382608695652174,27.69728260869565,22.81510869565217,0.9411956521739132,0.9717391304347824,74.4720652173913,4.882065217391304,8.550978260869567,408.3734782608696,7805.875165556481,659635.217708,84.50496628727146,529387.8839119993,67.81915834984522,6218087.852298997,796.590737158645,1219225.375891998,156.19329671986617,-0.2017082658022694,-1.043,1.386
NEGROS ORIENTAL,6508,19.0,0.002919483712354,2019-12-29,4271.8369995051735,2019-12-26,-3863.2203062265808,2019-12-26,-1342.7896919152895,2019-12-26,2019-12-29,7632.0,39.0,58.0,25.0,0.0,0.0,920.0,18.0,21.0,10.0,11.0,2.0,0.0,16.0,18.0,1.0,47.0,7.0,9.0,2.0,15.0,0.0,1.0,96.0,2.0,2.0,1.0,13.0,0.0,69.0,0.0,NEGROS ORIENTAL,26.24510869565217,25.62728260869565,18.299347826086954,86.5675,23.18489130434783,24.406195652173917,0.907282608695652,27.835,23.898369565217397,0.9096739130434782,0.9458695652173912,77.32141304347826,3.936521739130435,6.194673913043478,413.1694565217392,4994.458112272508,254918.50170499965,51.04027223265874,190764.1836,38.19517139031549,2340351.036557001,468.5895814815689,459820.5246370007,92.06614897962967,-0.350417910447761,-1.089,1.333
NORTHERN SAMAR,2200,6.0,0.0027272727272727,2019-12-29,3848.4227919122463,2019-12-28,-3399.961806258185,2019-12-28,-1631.4553077726634,2019-12-28,2019-12-29,2115.0,16.0,568.0,4.0,0.0,0.0,596.0,2.0,20.0,2.0,5.0,0.0,0.0,9.0,17.0,0.0,30.0,8.0,35.0,0.0,3.0,0.0,0.0,63.0,5.0,0.0,0.0,3.0,2.0,70.0,0.0,NORTHERN SAMAR,27.574565217391307,27.185326086956525,19.013369565217392,84.3263043478261,24.249456521739127,25.71760869565217,0.8996739130434782,29.22489130434783,25.75869565217392,0.9025,0.9221739130434784,70.68369565217391,3.466086956521739,8.800326086956522,420.1569565217392,3394.870067953511,118138.80656500004,34.79921298908982,68440.08806900006,20.15985492789625,939994.6421650008,276.88678015640426,180765.6091860002,53.24669444417617,-0.4002719780219776,-1.342,1.172
OCCIDENTAL MINDORO,1528,2.0,0.0013089005235602,2019-12-29,3802.304160022554,2019-12-29,-3598.3269072581093,2019-12-29,-1465.1822301714917,2019-12-29,2019-12-29,164.0,0.0,98.0,6.0,0.0,0.0,349.0,0.0,8.0,3.0,4.0,0.0,0.0,9.0,18.0,0.0,17.0,3.0,19.0,0.0,6.0,0.0,0.0,585.0,0.0,0.0,0.0,2.0,0.0,77.0,0.0,OCCIDENTAL MINDORO,27.50413043478261,27.11434782608696,18.490760869565214,81.49771739130435,23.609239130434784,25.361847826086954,0.9407608695652172,29.03478260869565,25.71271739130435,0.8868478260869566,0.919891304347826,70.29380434782608,3.3218478260869566,6.515760869565218,416.6272826086956,5918.517012734214,231426.18113499996,39.10205557187146,143220.07590100018,24.198642260020453,2037598.748525011,344.27522031970784,391714.4054370018,66.18455342684554,-0.354231651376147,-1.218,1.267
ORIENTAL MINDORO,3042,12.0,0.0039447731755424,2019-12-29,1847.714327972528,2019-12-29,-1592.4538283158115,2019-12-29,-769.0222822629282,2019-12-29,2019-12-29,4486.0,6.0,2.0,2.0,0.0,0.0,579.0,3.0,20.0,2.0,5.0,2.0,0.0,14.0,8.0,3.0,34.0,8.0,6.0,0.0,4.0,4.0,0.0,12.0,5.0,0.0,0.0,13.0,0.0,41.0,0.0,ORIENTAL MINDORO,25.422065217391303,25.084021739130435,17.994673913043478,88.15989130434782,22.85978260869565,23.972065217391304,0.8906521739130434,28.06717391304348,23.085869565217397,0.8776086956521738,0.918913043478261,71.11934782608695,4.981521739130435,7.452391304347826,417.5702173913043,4240.68659325571,166023.17782799975,39.1500702013771,84450.3227799999,19.91430418704078,1352903.529474998,319.02935992172223,262067.79784699937,61.79843572118391,-0.3337655954631379,-1.182,1.644
PALAWAN,3081,8.0,0.0025965595585848,2019-12-29,360.8169596138527,2019-12-29,-337.2943774492386,2019-12-29,-173.75673594782808,2019-12-29,2019-12-29,9976.0,6.0,748.0,37.0,0.0,0.0,873.0,16.0,19.0,17.0,11.0,0.0,0.0,19.0,29.0,4.0,43.0,12.0,32.0,3.0,2.0,1.0,0.0,34.0,4.0,0.0,10.0,20.0,0.0,63.0,0.0,PALAWAN,28.879782608695653,28.37934782608696,19.499891304347827,80.86217391304348,24.78641304347826,26.582065217391307,0.9403260869565218,28.72032608695652,28.06086956521739,0.9120652173913044,0.9446739130434784,70.4425,0.66,7.3118478260869555,421.51065217391306,14607.876379566873,228093.38240899716,15.614410779656405,96976.74610900076,6.638661472015834,1766392.1619489903,120.92053054472552,349967.32903599634,23.95744048912693,-0.3794315321983715,-1.318,1.608
PAMPANGA,5764,5.0,0.0008674531575294,2019-12-29,525.0631656076202,2019-12-29,-447.0517528007397,2019-12-29,-1256.3394514457814,2019-12-29,2019-12-29,43688.0,150.0,3243.0,76.0,0.0,0.0,976.0,21.0,57.0,22.0,334.0,0.0,2.0,79.0,501.0,27.0,443.0,51.0,57.0,0.0,491.0,22.0,2.0,3464.0,15.0,25.0,0.0,104.0,1.0,143.0,2.0,PAMPANGA,25.831304347826087,25.70445652173913,18.09902173913044,87.08695652173913,23.27858695652174,24.491739130434784,0.8271739130434782,29.434565217391302,22.82260869565217,0.7811956521739131,0.8171739130434783,65.61934782608695,6.6125,4.004891304347826,403.5956521739131,2251.8186733118782,498095.54262300016,221.1970033494849,333990.8883740003,148.32050747797595,4816336.711786995,2138.86525094995,923103.024763,409.9366595114605,0.4422570621468926,-0.705,1.615
PANGASINAN,9598,14.0,0.0014586372160866,2019-12-29,2961.830616980507,2019-12-29,-2741.7282794706784,2019-12-29,-783.1327780754225,2019-12-29,2019-12-29,9360.0,13.0,370.0,42.0,0.0,0.0,1579.0,21.0,30.0,3.0,50.0,1.0,0.0,56.0,70.0,32.0,279.0,34.0,60.0,0.0,10.0,3.0,1.0,1143.0,12.0,0.0,17.0,23.0,1.0,123.0,1.0,PANGASINAN,25.645000000000003,25.73619565217391,17.456739130434784,83.1404347826087,22.477065217391303,24.10663043478261,0.8664130434782608,29.91239130434783,22.449782608695653,0.8728260869565218,0.8690217391304348,65.61934782608695,7.462934782608696,3.735652173913044,403.5956521739131,5199.6687236196085,533329.5451049997,102.5699084794265,404096.3553180001,77.71578860060518,4977499.855462998,957.27249562123,958760.2135599992,184.3887109970699,0.1005636132315521,-1.092,1.275
QUEZON,9904,24.0,0.0024232633279483,2019-12-29,204.56339768762567,2019-12-29,-173.13182351196838,2019-12-29,-1510.6417491784637,2019-12-29,2019-12-29,4845.0,11.0,1851.0,39.0,1.0,0.0,1134.0,13.0,29.0,9.0,4.0,0.0,1.0,37.0,33.0,4.0,89.0,13.0,26.0,2.0,6.0,3.0,7.0,405.0,10.0,0.0,1.0,34.0,0.0,106.0,0.0,QUEZON,27.629891304347822,27.07619565217391,19.11913043478261,85.38097826086957,24.3675,25.72076086956522,0.9109782608695652,28.68586956521739,25.95619565217391,0.8976086956521739,0.9225,68.53619565217392,2.7295652173913045,8.33,419.66804347826087,8357.097800798656,2760572.3486380125,330.32667732740845,1871644.8415260112,223.95870984627527,24135388.20963006,2888.0107406812367,4647430.732130022,556.1058208132833,-0.2907795801526717,-1.515,1.761
QUIRINO,1836,4.0,0.0021786492374727,2019-12-29,713.1676361756621,2019-12-29,-696.25120640612,2019-12-29,-1176.1770027091438,2019-12-29,2019-12-29,2039.0,0.0,3814.0,0.0,0.0,0.0,191.0,1.0,0.0,0.0,14.0,0.0,0.0,1.0,6.0,2.0,1.0,1.0,7.0,1.0,1.0,0.0,0.0,82.0,0.0,0.0,0.0,0.0,0.0,29.0,1.0,QUIRINO,24.558804347826086,24.37173913043478,17.228369565217392,88.45967391304347,22.188695652173912,23.27945652173913,0.9335869565217392,28.28793478260869,21.80434782608696,0.917608695652174,0.9552173913043478,75.17,6.483260869565218,8.72086956521739,395.0303260869565,3097.8233584953605,51209.76400899993,16.530885748719047,31139.149443,10.051944813962717,460594.7169839992,148.6833378413526,90588.21653199998,29.242537759157276,-0.3669140624999997,-1.025,0.862
RIZAL,9847,59.0,0.0059916725906367,2019-12-29,1393.2941294619156,2019-12-29,-1318.274800839309,2019-12-29,-1027.634168672413,2019-12-29,2019-12-29,34583.0,432.0,1154.0,47.0,2.0,1.0,572.0,11.0,51.0,15.0,15.0,2.0,1.0,50.0,60.0,13.0,133.0,16.0,185.0,4.0,13.0,1.0,0.0,22.0,5.0,14.0,0.0,5.0,0.0,48.0,3.0,RIZAL,25.905434782608697,25.55130434782609,18.11271739130435,87.48195652173914,23.17663043478261,24.36391304347826,0.9063043478260868,28.94043478260869,23.34097826086957,0.8817391304347827,0.9158695652173914,75.70913043478261,5.600434782608696,7.480978260869565,413.2497826086957,1268.0014158340168,516943.5030479999,407.68369545390834,250630.8773320003,197.65819990599147,4753840.943709001,3749.081731570626,915113.4160090006,721.697471770639,0.2974055555555553,-0.825,1.699
ROMBLON,858,2.0,0.0023310023310023,2019-12-29,39.96395376475019,2019-12-26,-0.2258227026024244,2019-12-26,-280.55848822785043,2019-12-26,2019-12-29,418.0,0.0,1.0,4.0,0.0,0.0,259.0,5.0,3.0,0.0,2.0,0.0,0.0,8.0,6.0,2.0,9.0,3.0,7.0,0.0,2.0,1.0,0.0,7.0,0.0,0.0,0.0,6.0,0.0,10.0,0.0,ROMBLON,28.565,27.901739130434784,19.13402173913044,81.18271739130435,24.36934782608696,26.13576086956521,0.9078260869565216,28.594239130434783,27.20358695652174,0.8953260869565218,0.9322826086956522,74.96695652173914,1.390108695652174,9.457282608695651,422.1536956521739,1325.3881115846873,33307.551326,25.13041352557188,27080.449857,20.432090510168774,300278.2319230004,226.55871838474212,56363.97547299996,42.52639282059722,-0.2497707006369425,-1.308,0.861
SAMAR,7846,9.0,0.0011470813153199,2019-12-29,3008.7482924466376,2019-12-28,-2642.223023654857,2019-12-28,-1265.307543105883,2019-12-28,2019-12-29,4985.0,3.0,7057.0,18.0,0.0,1.0,960.0,5.0,4.0,2.0,7.0,0.0,0.0,17.0,15.0,3.0,27.0,5.0,64.0,0.0,9.0,4.0,1.0,76.0,23.0,1.0,0.0,8.0,2.0,75.0,1.0,SAMAR,26.570543478260863,26.21717391304348,18.562826086956523,86.75228260869565,23.69858695652174,24.957608695652173,0.8711956521739131,29.36543478260869,24.05293478260869,0.8724999999999999,0.8869565217391304,70.65304347826087,5.312282608695653,8.39391304347826,418.4122826086957,5443.57446743882,259753.10925999985,47.71737960300425,165411.33963900007,30.3865301427254,2163160.352906001,397.3786646706349,416654.42029200034,76.54059346193432,-0.4052610364683302,-1.393,1.172
SARANGANI,2155,11.0,0.0051044083526682,2019-12-29,2848.633864289651,2019-12-28,-2553.0157694142504,2019-12-28,-1194.6890505637816,2019-12-28,2019-12-29,271.0,0.0,66.0,1.0,1.0,0.0,263.0,1.0,0.0,1.0,3.0,0.0,0.0,6.0,6.0,2.0,22.0,0.0,7.0,0.0,2.0,0.0,0.0,22.0,1.0,0.0,1.0,10.0,0.0,11.0,0.0,SARANGANI,25.957282608695653,25.361739130434785,17.567065217391306,84.0591304347826,22.343695652173917,23.852717391304346,0.7517391304347826,28.45173913043478,23.05663043478261,0.7332608695652173,0.7364130434782609,67.67293478260869,5.395108695652175,4.379239130434782,420.0719565217392,3246.2677155862866,272400.0979559998,83.91177863985979,107421.87731500003,33.09088674333173,2156467.5402499964,664.2913429154845,443122.3785019995,136.50210559481542,-0.4309535398230086,-1.13,1.15
SORSOGON,2153,11.0,0.0051091500232234,2019-12-29,2065.903946599735,2019-12-31,-1919.1693711492808,2019-12-31,-1126.6133558156375,2019-12-31,2019-12-29,3526.0,2.0,147.0,0.0,0.0,0.0,611.0,4.0,8.0,1.0,45.0,0.0,0.0,20.0,5.0,18.0,17.0,0.0,9.0,0.0,3.0,22.0,0.0,327.0,10.0,0.0,1.0,52.0,3.0,54.0,1.0,SORSOGON,27.06695652173913,26.729347826086958,18.77641304347826,85.45086956521739,23.98586956521739,25.35793478260869,0.9236956521739133,29.436956521739127,24.89630434782609,0.9271739130434782,0.9484782608695652,74.71978260869565,4.539347826086956,9.28032608695652,423.0939130434783,1990.5346033792785,125420.381529,63.008390467604585,82865.28437000007,41.629662819888615,1062293.6643770002,533.6725433326163,200253.2747600002,100.60275989175746,-0.2530854430379748,-1.113,1.179
SOUTH COTABATO,6582,30.0,0.0045578851412944,2019-12-29,4171.536908304886,2019-12-28,-3884.678168813689,2019-12-28,-1470.690668527728,2019-12-28,2019-12-29,8106.0,38.0,873.0,23.0,0.0,0.0,596.0,13.0,27.0,2.0,10.0,0.0,0.0,36.0,34.0,12.0,39.0,7.0,17.0,0.0,5.0,11.0,0.0,151.0,20.0,1.0,0.0,40.0,0.0,24.0,1.0,SOUTH COTABATO,25.6625,25.511304347826087,17.379565217391306,83.1491304347826,22.248586956521734,23.879565217391303,0.6803260869565217,29.61826086956522,22.20413043478261,0.6622826086956521,0.6515217391304348,74.28510869565218,7.414999999999999,4.602282608695653,401.6651086956522,4349.516403464904,280242.0470880004,64.43062195713401,123465.84484900023,28.386108568448,2342867.9006340005,538.6502045992123,483151.7054840004,111.08170671551277,-0.2116540983606556,-1.178,1.548
SOUTHERN LEYTE,1149,7.0,0.0060922541340295,2019-12-29,2676.597938593061,2019-12-28,-2484.3921538155423,2019-12-28,-2041.712400642228,2019-12-28,2019-12-29,11723.0,15.0,67.0,6.0,0.0,0.0,452.0,5.0,9.0,2.0,7.0,1.0,0.0,19.0,11.0,4.0,28.0,5.0,33.0,0.0,3.0,0.0,0.0,28.0,6.0,0.0,9.0,15.0,0.0,69.0,0.0,SOUTHERN LEYTE,27.825,27.066195652173917,18.93195652173913,83.94728260869564,24.059565217391302,25.5625,0.8839130434782608,28.966195652173912,25.699782608695653,0.8895652173913043,0.9110869565217392,75.07836956521739,3.267065217391304,7.8611956521739135,419.9419565217392,1684.6009402087182,61479.006523,36.49470035044792,61517.78445599998,36.51771941215827,590622.9613410006,350.6011110665911,107269.86667300008,63.676722547542674,-0.2221226415094339,-1.134,1.514
SULTAN KUDARAT,2857,12.0,0.0042002100105005,2019-12-29,2967.9576732344526,2019-12-28,-2640.3521595243733,2019-12-28,-1225.5240465396623,2019-12-28,2019-12-29,249.0,0.0,1.0,1.0,0.0,0.0,408.0,6.0,3.0,3.0,4.0,0.0,0.0,13.0,5.0,30.0,21.0,1.0,2.0,0.0,5.0,0.0,0.0,12.0,1.0,0.0,0.0,3.0,0.0,42.0,0.0,SULTAN KUDARAT,23.361739130434785,22.99967391304348,16.47891304347826,87.73271739130435,20.71108695652174,21.85478260869565,0.7614130434782609,26.945543478260863,20.10739130434783,0.7942391304347827,0.7390217391304347,74.28510869565218,6.837282608695652,4.152065217391304,401.6651086956522,4446.537775191155,320957.742168,72.18149454587783,141858.666969,31.903173691783508,2686999.3379349983,604.2902306884114,550220.1377229999,123.74124893144446,-0.3407766143106461,-1.15,1.074
SULU,242,6.0,0.024793388429752,2019-12-29,3902.49682418701,2019-12-26,-3447.392967554027,2019-12-26,-1437.2114092718527,2019-12-26,2019-12-29,186.0,0.0,1.0,0.0,0.0,0.0,101.0,0.0,5.0,0.0,0.0,0.0,0.0,3.0,1.0,0.0,0.0,1.0,2.0,0.0,0.0,0.0,0.0,16.0,0.0,0.0,0.0,14.0,0.0,1.0,0.0,SULU,29.441195652173917,28.295,18.54391304347826,77.30173913043478,23.92032608695652,26.10760869565217,0.671304347826087,29.32597826086957,27.352608695652176,0.691304347826087,0.7,68.78532608695652,1.9732608695652172,2.4572826086956523,421.3093478260869,1559.4227219018285,45517.56055899998,29.188724724677627,12107.500682000058,7.764091488441369,421371.3634070002,270.20983950593427,86876.83764600013,55.71089636301282,-0.3858761467889907,-1.107,1.201
SURIGAO DEL NORTE,1356,1.0,0.0007374631268436,2019-12-29,1429.8813664163392,2019-12-28,-1395.0659658652469,2019-12-28,-1565.4380886431911,2019-12-28,2019-12-29,3281.0,3.0,208.0,11.0,14.0,0.0,429.0,4.0,5.0,5.0,6.0,0.0,0.0,11.0,15.0,8.0,20.0,3.0,42.0,0.0,6.0,1.0,0.0,544.0,3.0,0.0,1.0,15.0,0.0,36.0,0.0,SURIGAO DEL NORTE,26.609239130434784,26.00467391304348,18.395326086956523,86.2545652173913,23.340108695652173,24.671956521739133,0.8392391304347825,29.21369565217391,24.04945652173913,0.855,0.8335869565217391,77.64576086956522,5.165,7.397065217391304,415.63858695652175,2100.6696056938576,77298.32885200015,36.79699494031965,58937.46966500003,28.056515648748487,715220.094641,340.472434457279,141702.6777839999,67.45595661493616,-0.0703647540983606,-1.184,1.331
SURIGAO DEL SUR,2042,3.0,0.0014691478942213,2019-12-29,3187.557419353939,2019-12-28,-2936.2352758015318,2019-12-28,-1866.613874837618,2019-12-28,2019-12-29,2210.0,12.0,131.0,2.0,0.0,0.0,517.0,6.0,10.0,0.0,0.0,0.0,0.0,6.0,19.0,2.0,19.0,7.0,6.0,0.0,14.0,1.0,1.0,12.0,0.0,0.0,4.0,9.0,0.0,51.0,0.0,SURIGAO DEL SUR,27.29836956521739,26.82228260869565,18.60141304347826,83.5745652173913,23.69858695652174,25.26010869565217,0.8806521739130434,29.270000000000003,25.192391304347822,0.8915217391304348,0.8892391304347826,71.3367391304348,4.0773913043478265,7.81,418.441847826087,4317.203266874237,162650.29977500017,37.67492279620252,82326.66269400006,19.069443249450384,1307401.3184099994,302.83524717069685,267165.2720519997,61.88387609681256,-0.3023201856148491,-1.136,1.573
TARLAC,7276,17.0,0.0023364485981308,2019-12-29,917.5496963922926,2019-12-29,-827.8952155610734,2019-12-29,-1433.7776305975483,2019-12-29,2019-12-29,1232.0,6.0,161.0,14.0,1.0,1.0,645.0,7.0,30.0,5.0,23.0,3.0,1.0,30.0,47.0,11.0,146.0,18.0,12.0,0.0,3.0,30.0,0.0,521.0,12.0,2.0,3.0,16.0,0.0,39.0,5.0,TARLAC,25.748695652173915,25.941086956521737,17.99532608695652,85.82228260869564,23.234130434782607,24.58771739130435,0.8281521739130434,30.09728260869565,22.718152173913044,0.7833695652173914,0.8164130434782608,65.61934782608695,7.379347826086956,3.6560869565217393,403.5956521739131,3018.132178136063,296694.5287679999,98.3040209164174,206925.74550500017,68.5608625771961,2728880.574248003,904.1620489707326,515857.36997500015,170.9194095977543,0.09026213592233,-0.994,1.467
TAWI-TAWI,165,2.0,0.0121212121212121,2019-12-29,379.5476524805388,2019-12-29,880.2523547565711,2019-12-29,2283.012242725072,2019-12-29,2019-12-29,9362.0,0.0,0.0,0.0,0.0,0.0,211.0,0.0,1.0,0.0,0.0,0.0,0.0,4.0,3.0,0.0,2.0,1.0,2.0,0.0,1.0,0.0,0.0,6.0,0.0,0.0,1.0,9.0,0.0,2.0,0.0,TAWI-TAWI,29.68413043478261,28.411847826086955,18.8,77.88141304347826,24.1725,26.29141304347826,0.6672826086956521,28.964130434782607,27.84173913043478,0.6806521739130434,0.6873913043478261,68.16119565217392,1.1230434782608696,2.779782608695652,422.71826086956526,1182.8009901733126,78450.63208200032,66.3261467768176,20101.560293000104,16.994879493679388,671194.6990390017,567.4620706401788,145291.64163600048,122.83692932545762,-0.3291009174311926,-1.132,0.927
ZAMBALES,1569,6.0,0.0038240917782026,2019-12-29,586.9814365067132,2019-12-29,-557.9693861585117,2019-12-29,-1120.0166450631584,2019-12-29,2019-12-29,80446.0,34.0,1122.0,7.0,0.0,1.0,364.0,8.0,19.0,12.0,17.0,0.0,0.0,18.0,25.0,3.0,38.0,6.0,12.0,0.0,14.0,3.0,0.0,267.0,6.0,1.0,104.0,36.0,0.0,70.0,1.0,ZAMBALES,27.650543478260868,27.190652173913044,18.4425,81.48478260869565,23.686956521739127,25.43847826086957,0.8685869565217391,29.331304347826087,25.443043478260872,0.8176086956521739,0.845108695652174,65.61934782608695,3.8876086956521743,3.6691304347826086,403.5956521739131,3661.803433712183,165008.03520299977,45.06195872882274,111476.45001299988,30.443045901016514,1471522.7750389995,401.8573912219072,278394.5265679999,76.02661683174381,-0.0955643939393939,-1.292,1.369
ZAMBOANGA DEL NORTE,5353,22.0,0.0041098449467588,2019-12-29,1172.2525982138593,2019-12-26,-968.4328259124784,2019-12-26,-525.7928296639166,2019-12-26,2019-12-29,156.0,1.0,8.0,3.0,0.0,0.0,845.0,4.0,8.0,1.0,1.0,0.0,2.0,10.0,5.0,0.0,9.0,4.0,11.0,0.0,0.0,0.0,0.0,74.0,1.0,0.0,0.0,2.0,0.0,99.0,0.0,ZAMBOANGA DEL NORTE,27.132065217391304,26.712391304347825,18.757717391304347,84.84391304347827,23.90608695652174,25.30923913043478,0.8459782608695652,28.87597826086957,25.08760869565217,0.8023913043478261,0.8333695652173914,80.44673913043479,3.7875,4.811195652173913,421.79869565217393,6387.4716900322765,361382.8999269997,56.576829998470586,189845.5747889996,29.72155243916866,2992493.571538002,468.4942206801203,605679.4668320001,94.82303738068536,-0.4361217292377705,-1.323,1.437
ZAMBOANGA DEL SUR,4579,27.0,0.0058964839484603,2019-12-29,2825.405392841079,2019-12-26,-2529.200458384412,2019-12-26,-1086.413049801022,2019-12-26,2019-12-29,1592.0,7.0,767.0,18.0,0.0,0.0,1097.0,7.0,23.0,8.0,13.0,0.0,0.0,28.0,24.0,1.0,71.0,7.0,14.0,0.0,4.0,0.0,0.0,354.0,0.0,0.0,1.0,6.0,0.0,71.0,1.0,ZAMBOANGA DEL SUR,24.98891304347826,24.89358695652174,18.00989130434783,88.84858695652174,22.827391304347824,23.86086956521739,0.8884782608695652,28.279347826086955,22.44652173913044,0.8629347826086956,0.8930434782608695,74.9941304347826,5.833478260869565,4.841739130434783,420.33043478260873,5291.129282203138,408438.9194949996,77.19314681438523,198197.61553299968,37.458471521314536,3369985.273623999,636.9122910980533,686540.0560809997,129.7530299231577,-0.3324094202898551,-1.178,1.834
ZAMBOANGA SIBUGAY,6325,20.0,0.0031620553359683,2019-12-29,-789.279913429621,2019-12-26,789.279913429621,2019-12-26,-789.279913429621,2019-12-26,2019-12-29,439.0,1.0,10.0,1.0,0.0,0.0,486.0,3.0,1.0,2.0,1.0,0.0,0.0,2.0,1.0,0.0,3.0,2.0,2.0,0.0,0.0,0.0,0.0,116.0,0.0,0.0,0.0,3.0,0.0,44.0,0.0,ZAMBOANGA SIBUGAY,27.132065217391304,26.712391304347825,18.757717391304347,84.84391304347827,23.90608695652174,25.30923913043478,0.8459782608695652,28.87597826086957,25.08760869565217,0.8023913043478261,0.8333695652173914,75.6045652173913,3.7875,4.811195652173913,421.0326086956522,2712.5657287304457,105794.65862,39.001694041719965,46906.26763399994,17.29221420782063,846098.5050290001,311.9181578044183,175621.5956479999,64.74371986193144,-0.386899766899767,-1.076,1.219
